"//table[@name=""conditions""]/column[@name=""id""][text()=3]/../column[@name=""strName""]",Starving,饥饿
"//table[@name=""conditions""]/column[@name=""id""][text()=3]/../column[@name=""strDesc""]",<us> is starving.,<us> 正在挨饿。
"//table[@name=""conditions""]/column[@name=""id""][text()=4]/../column[@name=""strName""]",Malnourished,营养不良
"//table[@name=""conditions""]/column[@name=""id""][text()=4]/../column[@name=""strDesc""]",<us> is weak with hunger.,<us> 因饥饿而虚弱。
"//table[@name=""conditions""]/column[@name=""id""][text()=5]/../column[@name=""strName""]",Hungry,饥饿的
"//table[@name=""conditions""]/column[@name=""id""][text()=5]/../column[@name=""strDesc""]",<us> is hungry.,<us> 饿了。
"//table[@name=""conditions""]/column[@name=""id""][text()=6]/../column[@name=""strName""]",Blacking out,昏迷
"//table[@name=""conditions""]/column[@name=""id""][text()=6]/../column[@name=""strDesc""]",<us> is blacking out from exhaustion.,<us> 因为精疲力尽而昏厥。
"//table[@name=""conditions""]/column[@name=""id""][text()=7]/../column[@name=""strName""]",Weary,疲倦
"//table[@name=""conditions""]/column[@name=""id""][text()=7]/../column[@name=""strDesc""]",<us> is weary.,<us> 非常疲倦。
"//table[@name=""conditions""]/column[@name=""id""][text()=8]/../column[@name=""strName""]",Tired,疲惫
"//table[@name=""conditions""]/column[@name=""id""][text()=8]/../column[@name=""strDesc""]",<us> is tired.,<us> 感到疲惫了。
"//table[@name=""conditions""]/column[@name=""id""][text()=18]/../column[@name=""strName""]",Unconscious,失去意识
"//table[@name=""conditions""]/column[@name=""id""][text()=18]/../column[@name=""strDesc""]",<us> is unconscious.,<us> 已经失去意识了。
"//table[@name=""conditions""]/column[@name=""id""][text()=19]/../column[@name=""strName""]",Wearing t-shirt,穿着短袖衬衫
"//table[@name=""conditions""]/column[@name=""id""][text()=19]/../column[@name=""strDesc""]","<us> is wearing a light, short-sleeved torso garment.",<us> 正穿着一件短袖上衣。
"//table[@name=""conditions""]/column[@name=""id""][text()=20]/../column[@name=""strName""]",Wearing light pants,穿着长袖裤子
"//table[@name=""conditions""]/column[@name=""id""][text()=20]/../column[@name=""strDesc""]","You are wearing a pair of light, long-sleeved leg garments.",你正穿着长袖裤子。
"//table[@name=""conditions""]/column[@name=""id""][text()=21]/../column[@name=""strName""]",Wearing Pack Boot,穿着登山靴
"//table[@name=""conditions""]/column[@name=""id""][text()=21]/../column[@name=""strDesc""]",<us> is wearing a pack boot.,<us> 正穿着登山靴。
"//table[@name=""conditions""]/column[@name=""id""][text()=22]/../column[@name=""strName""]",Wearing Tactical Boot,穿着战术靴
"//table[@name=""conditions""]/column[@name=""id""][text()=22]/../column[@name=""strDesc""]",<us> is wearing a tactical boot.,<us> 正穿着战术靴。
"//table[@name=""conditions""]/column[@name=""id""][text()=24]/../column[@name=""strName""]",Myopic,近视
"//table[@name=""conditions""]/column[@name=""id""][text()=24]/../column[@name=""strDesc""]",<us> suffers from near-sightedness.,<us> 患有近视眼。
"//table[@name=""conditions""]/column[@name=""id""][text()=27]/../column[@name=""strName""]",Haunted by an entity of Seven Gables Road,被七山墙路的一个实体所困扰
"//table[@name=""conditions""]/column[@name=""id""][text()=27]/../column[@name=""strDesc""]",<us> is haunted by an entity that dwelled at Seven Gables Road.,<us> 被一个住在七山墙路的实体所困扰。
"//table[@name=""conditions""]/column[@name=""id""][text()=30]/../column[@name=""strName""]",Parched,口渴
"//table[@name=""conditions""]/column[@name=""id""][text()=30]/../column[@name=""strDesc""]",<us> is weak with thirst.,<us> 因口渴而虚弱。
"//table[@name=""conditions""]/column[@name=""id""][text()=31]/../column[@name=""strName""]",Dehydrated,脱水
"//table[@name=""conditions""]/column[@name=""id""][text()=31]/../column[@name=""strDesc""]",<us> is dying of thirst.,<us> 渴得要命。
"//table[@name=""conditions""]/column[@name=""id""][text()=33]/../column[@name=""strName""]",Ate soup,喝汤
"//table[@name=""conditions""]/column[@name=""id""][text()=33]/../column[@name=""strDesc""]","<us> ate Chef Yummy ""Creamy Crumb"" condensed soup.","<us> 喝了厨艺大师 ""奶油碎屑"" 浓缩汤。"
"//table[@name=""conditions""]/column[@name=""id""][text()=34]/../column[@name=""strName""]",Magnifying optics,光学放大器件
"//table[@name=""conditions""]/column[@name=""id""][text()=34]/../column[@name=""strDesc""]",<us> is using an optical magnification device.,<us> 正在使用能够放大视野的光学装置。
"//table[@name=""conditions""]/column[@name=""id""][text()=36]/../column[@name=""strName""]",Drank water,喝水
"//table[@name=""conditions""]/column[@name=""id""][text()=36]/../column[@name=""strDesc""]",<us> drank some water.,<us> 喝了点水。
"//table[@name=""conditions""]/column[@name=""id""][text()=37]/../column[@name=""strName""]",Wearing long-sleeved shirt,穿着长袖衬衫
"//table[@name=""conditions""]/column[@name=""id""][text()=37]/../column[@name=""strDesc""]",<us> is wearing a long-sleeved torso garment.,<us> 正穿着长袖衬衫。
"//table[@name=""conditions""]/column[@name=""id""][text()=38]/../column[@name=""strName""]",Wearing a long coat,穿着长大衣
"//table[@name=""conditions""]/column[@name=""id""][text()=38]/../column[@name=""strDesc""]",<us> is wearing a full body garment.,<us> 穿着全身服装。
"//table[@name=""conditions""]/column[@name=""id""][text()=48]/../column[@name=""strName""]",Gastroenteritis,肠胃炎
"//table[@name=""conditions""]/column[@name=""id""][text()=48]/../column[@name=""strDesc""]",<us> contracted gastroenteritis.,<us> 患上了胃肠炎。
"//table[@name=""conditions""]/column[@name=""id""][text()=49]/../column[@name=""strName""]",Gastroenteritis,肠胃炎
"//table[@name=""conditions""]/column[@name=""id""][text()=49]/../column[@name=""strDesc""]","<us>'s stomach feels awful, and is having diarrhea.",<us>我的胃感觉很糟糕，正在腹泻。
"//table[@name=""conditions""]/column[@name=""id""][text()=50]/../column[@name=""strName""]",Skilled in hand-to-hand combat,擅长徒手格斗
"//table[@name=""conditions""]/column[@name=""id""][text()=50]/../column[@name=""strDesc""]",<us> is skilled in hand-to-hand combat. Melee weapons are more effective and degrade slower.,<us> 擅长徒手格斗。近战武器更有效且耐久性更高。
"//table[@name=""conditions""]/column[@name=""id""][text()=57]/../column[@name=""strName""]",Night Vision,夜间视力
"//table[@name=""conditions""]/column[@name=""id""][text()=57]/../column[@name=""strDesc""]",<us> is able to see almost normally at night.,<us> 能够在夜间近乎正常地看见东西。
"//table[@name=""conditions""]/column[@name=""id""][text()=60]/../column[@name=""strName""]",Strong,强壮
"//table[@name=""conditions""]/column[@name=""id""][text()=60]/../column[@name=""strDesc""]","<us> is strong, and can carry more than most.",<us> 身体强壮，可以比别人携带更多的物品。
"//table[@name=""conditions""]/column[@name=""id""][text()=61]/../column[@name=""strName""]",Feeble,有气无力
"//table[@name=""conditions""]/column[@name=""id""][text()=61]/../column[@name=""strDesc""]","<us> is weak, and can carry less than most.",<us> 身体虚弱，可以携带的物品比别人要少。
"//table[@name=""conditions""]/column[@name=""id""][text()=64]/../column[@name=""strName""]",Used Nanorobot Medical Kit,使用了纳米机器人医疗工具箱
"//table[@name=""conditions""]/column[@name=""id""][text()=64]/../column[@name=""strDesc""]","<us> used a nanorobot medical kit, and their wounds have started mending.",<us> 使用了纳米机器人医疗工具箱，伤口已经开始愈合。
"//table[@name=""conditions""]/column[@name=""id""][text()=65]/../column[@name=""strName""]",Diarrhea,腹泻
"//table[@name=""conditions""]/column[@name=""id""][text()=65]/../column[@name=""strDesc""]",<us> has diarrhea.,<us> 正在拉肚子。
"//table[@name=""conditions""]/column[@name=""id""][text()=66]/../column[@name=""strName""]",Vomiting,呕吐
"//table[@name=""conditions""]/column[@name=""id""][text()=66]/../column[@name=""strDesc""]",<us> is vomiting.,<us> 正在呕吐。
"//table[@name=""conditions""]/column[@name=""id""][text()=71]/../column[@name=""strName""]",Frail,脆弱
"//table[@name=""conditions""]/column[@name=""id""][text()=71]/../column[@name=""strDesc""]","<us> is frail, is easier to wound, and takes longer to heal.",<us> 身体虚弱，更容易受伤，并需要更长的时间来恢复。
"//table[@name=""conditions""]/column[@name=""id""][text()=72]/../column[@name=""strName""]",Tough,强硬
"//table[@name=""conditions""]/column[@name=""id""][text()=72]/../column[@name=""strDesc""]","<us> is tough, can take more of a beating than most, and recovers faster.",<us> 身体强壮，比大多数人更能承受打击，并且恢复速度更快。
"//table[@name=""conditions""]/column[@name=""id""][text()=74]/../column[@name=""strName""]",Pushing cart,推车
"//table[@name=""conditions""]/column[@name=""id""][text()=74]/../column[@name=""strDesc""]",<us> has a cart that allows them to carry more.,<us> 有一个推车，可以让他携带更多的东西。
"//table[@name=""conditions""]/column[@name=""id""][text()=76]/../column[@name=""strName""]",Ate some mushrooms,吃了一些蘑菇
"//table[@name=""conditions""]/column[@name=""id""][text()=76]/../column[@name=""strDesc""]",<us> ate some mushrooms.,<us> 吃了一些蘑菇。
"//table[@name=""conditions""]/column[@name=""id""][text()=77]/../column[@name=""strName""]",Poisoned 1,中毒1
"//table[@name=""conditions""]/column[@name=""id""][text()=77]/../column[@name=""strDesc""]",<us> has poison stage 1.,<us> 中毒1级。
"//table[@name=""conditions""]/column[@name=""id""][text()=78]/../column[@name=""strName""]",Poisoned 2,中毒2
"//table[@name=""conditions""]/column[@name=""id""][text()=78]/../column[@name=""strDesc""]",<us> has poison stage 2.,<us> 中毒二级。
"//table[@name=""conditions""]/column[@name=""id""][text()=79]/../column[@name=""strName""]",Poisoned 3,中毒3
"//table[@name=""conditions""]/column[@name=""id""][text()=79]/../column[@name=""strDesc""]",<us> has poison stage 3.,<us> 有三级中毒。
"//table[@name=""conditions""]/column[@name=""id""][text()=83]/../column[@name=""strName""]",Ate a small portion of meat,吃了一小部分肉
"//table[@name=""conditions""]/column[@name=""id""][text()=83]/../column[@name=""strDesc""]",<us> ate a small portion of meat.,<us> 吃了一小部分肉。
"//table[@name=""conditions""]/column[@name=""id""][text()=84]/../column[@name=""strName""]",Ate a small portion of rotten meat,吃了一小部份烂肉
"//table[@name=""conditions""]/column[@name=""id""][text()=84]/../column[@name=""strDesc""]",Blech! <us> forced down a small portion of rotten meat.,呕!真恶心！ <us> 强行吃下了一小部分烂肉。
"//table[@name=""conditions""]/column[@name=""id""][text()=85]/../column[@name=""strName""]",Confiscate DMC items,没收属于DMC的物品
"//table[@name=""conditions""]/column[@name=""id""][text()=85]/../column[@name=""strDesc""]",<us>'s items have been confiscated.,<us>仓库内的DMC物品已被没收。
"//table[@name=""conditions""]/column[@name=""id""][text()=86]/../column[@name=""strName""]",Ate some berries,吃了一些浆果
"//table[@name=""conditions""]/column[@name=""id""][text()=86]/../column[@name=""strDesc""]",<us> ate some berries.,<us> 吃了一些浆果。
"//table[@name=""conditions""]/column[@name=""id""][text()=87]/../column[@name=""strName""]",Skilled in ranged combat,熟练掌握远程作战
"//table[@name=""conditions""]/column[@name=""id""][text()=87]/../column[@name=""strDesc""]","<us> is skilled in ranged combat. <us> can engage at longer range than most, and ranged weapons degrade slower.",<us> 熟练掌握远程作战。 <us> 可以在比大多数人更远的距离上交战，而且远程武器的耐久度更高。
"//table[@name=""conditions""]/column[@name=""id""][text()=88]/../column[@name=""strName""]",Drank Corn-a-Cola,喝了玉米可乐
"//table[@name=""conditions""]/column[@name=""id""][text()=88]/../column[@name=""strDesc""]",<us> drank some Corn-a-Cola soda. Taste the corny refreshment!,<us> 喝了一些玉米可乐汽水。尝到了肉麻的清凉!
"//table[@name=""conditions""]/column[@name=""id""][text()=89]/../column[@name=""strName""]",Caffeine Counter,咖啡因计数器
"//table[@name=""conditions""]/column[@name=""id""][text()=89]/../column[@name=""strDesc""]",The amount of caffeine <us> needs to get side effects.,使 <us> 产生副作用所需的咖啡因量。
"//table[@name=""conditions""]/column[@name=""id""][text()=90]/../column[@name=""strName""]",Caffeine crash,咖啡因过量
"//table[@name=""conditions""]/column[@name=""id""][text()=90]/../column[@name=""strDesc""]",<us> is crashing after a caffeine high.,<us> 在摄入过量咖啡因导致兴奋过后变得疲倦和精神松懈。
"//table[@name=""conditions""]/column[@name=""id""][text()=101]/../column[@name=""strName""]",Noise Trap,噪声陷阱
"//table[@name=""conditions""]/column[@name=""id""][text()=101]/../column[@name=""strDesc""]",Stackable sleep awareness bonus.,可叠加的睡眠意识加成。
"//table[@name=""conditions""]/column[@name=""id""][text()=107]/../column[@name=""strName""]",,
"//table[@name=""conditions""]/column[@name=""id""][text()=107]/../column[@name=""strDesc""]",<us> is in a campsite with an average sleeping bag.,<us> 用着一个普通的睡袋，能使你在营地里好好休息。
"//table[@name=""conditions""]/column[@name=""id""][text()=108]/../column[@name=""strName""]",,
"//table[@name=""conditions""]/column[@name=""id""][text()=108]/../column[@name=""strDesc""]",<us> is in a campsite with a tarp shelter.,<us> 在一个有篷布遮挡的营地中休息。
"//table[@name=""conditions""]/column[@name=""id""][text()=109]/../column[@name=""strName""]",Blind,模糊
"//table[@name=""conditions""]/column[@name=""id""][text()=109]/../column[@name=""strDesc""]","<us> is unable to see well in these conditions, making activity difficult.",<us> 在这种情况下无法看清，行动变得困难。
"//table[@name=""conditions""]/column[@name=""id""][text()=110]/../column[@name=""strName""]",Carrying torch,带着火把
"//table[@name=""conditions""]/column[@name=""id""][text()=110]/../column[@name=""strDesc""]","<us> is carrying a torch, making it easier to navigate in the dark, but also easier to spot.","<us> 带着一个火把,黑暗中更容易行动,也更容易被发现。"
"//table[@name=""conditions""]/column[@name=""id""][text()=115]/../column[@name=""strName""]",Strangler's hood start,扼杀者兜帽启动
"//table[@name=""conditions""]/column[@name=""id""][text()=115]/../column[@name=""strDesc""]",Initialize strangler hood chain.,初始化扼杀者头罩流程。
"//table[@name=""conditions""]/column[@name=""id""][text()=116]/../column[@name=""strName""]",Strangler's hood tightens,扼杀者兜帽缩紧
"//table[@name=""conditions""]/column[@name=""id""][text()=116]/../column[@name=""strDesc""]",The thick twine lining the burlap hood's opening has tightened around <us>'s neck.,粗麻布兜帽开口处的粗麻绳已经紧紧地缠住了 <us>的脖子.
"//table[@name=""conditions""]/column[@name=""id""][text()=117]/../column[@name=""strName""]",Strangler's hood tightens more,扼杀者兜帽收得更紧了
"//table[@name=""conditions""]/column[@name=""id""][text()=117]/../column[@name=""strDesc""]","The hood cinches tighter, making it difficult to breathe.",兜帽收得更紧，使人难以呼吸。
"//table[@name=""conditions""]/column[@name=""id""][text()=119]/../column[@name=""strName""]",Strangler's hood loosens,扼杀者兜帽松开了
"//table[@name=""conditions""]/column[@name=""id""][text()=119]/../column[@name=""strDesc""]",The twine in the hood loosens a bit.,罩子里的麻绳松了一点。
"//table[@name=""conditions""]/column[@name=""id""][text()=120]/../column[@name=""strName""]",,
"//table[@name=""conditions""]/column[@name=""id""][text()=120]/../column[@name=""strDesc""]","<us> is actively hiding, and is harder to see.",<us> 主动隐藏起来了，难以被发现。
"//table[@name=""conditions""]/column[@name=""id""][text()=121]/../column[@name=""strName""]",,
"//table[@name=""conditions""]/column[@name=""id""][text()=121]/../column[@name=""strDesc""]","<us> is actively hiding using advanced hiding skills, and is very hard to see.","<us> 用较好的隐藏技能藏起来了,更难被发现。"
"//table[@name=""conditions""]/column[@name=""id""][text()=122]/../column[@name=""strName""]",Skilled in hiding,擅长隐匿
"//table[@name=""conditions""]/column[@name=""id""][text()=122]/../column[@name=""strDesc""]","<us> is skilled at hiding, and can conceal themself better than most.",<us> 擅长隐匿，比大多数人更能隐藏自己。
"//table[@name=""conditions""]/column[@name=""id""][text()=137]/../column[@name=""strName""]",Behind cover,位于掩体中
"//table[@name=""conditions""]/column[@name=""id""][text()=137]/../column[@name=""strDesc""]","<us> is taking cover, and is harder to hit with ranged weapons.",<us> 位于掩体中，而且更难被远程武器击中。
"//table[@name=""conditions""]/column[@name=""id""][text()=143]/../column[@name=""strName""]",Fallen,跌倒了
"//table[@name=""conditions""]/column[@name=""id""][text()=143]/../column[@name=""strDesc""]","<us> fell to the ground, and must regain footing to continue.",<us> 摔倒了，必须站起来才能继续战斗。
"//table[@name=""conditions""]/column[@name=""id""][text()=148]/../column[@name=""strName""]",Suppressed,压制
"//table[@name=""conditions""]/column[@name=""id""][text()=148]/../column[@name=""strDesc""]","<us> is pinned by suppressive fire, and unable to move or use ranged attacks.",<us> 受到火力压制，不能移动或使用远程攻击。
"//table[@name=""conditions""]/column[@name=""id""][text()=157]/../column[@name=""strName""]",Just changed attack modes,刚刚改变了攻击模式
"//table[@name=""conditions""]/column[@name=""id""][text()=157]/../column[@name=""strDesc""]",<us> recently changed attack modes.,<us> 刚刚改变了攻击模式。
"//table[@name=""conditions""]/column[@name=""id""][text()=158]/../column[@name=""strName""]",Just accessed inventory,刚打开背包
"//table[@name=""conditions""]/column[@name=""id""][text()=158]/../column[@name=""strDesc""]",<us> recently accessed inventory.,<us> 刚从背包里翻了翻东西。
"//table[@name=""conditions""]/column[@name=""id""][text()=162]/../column[@name=""strName""]",Disinfect (Weak),消毒 (弱)
"//table[@name=""conditions""]/column[@name=""id""][text()=162]/../column[@name=""strDesc""]",<us>'s wound was disinfected with a weak disinfectant.,<us>用弱消毒剂对伤口进行了消毒。
"//table[@name=""conditions""]/column[@name=""id""][text()=163]/../column[@name=""strName""]",Drank tannin tea,喝丹宁茶
"//table[@name=""conditions""]/column[@name=""id""][text()=163]/../column[@name=""strDesc""]",<us> drank some tannin tea.,<us> 喝了一些丹宁茶。
"//table[@name=""conditions""]/column[@name=""id""][text()=164]/../column[@name=""strName""]",Disinfect (strong),消毒 (强力)
"//table[@name=""conditions""]/column[@name=""id""][text()=164]/../column[@name=""strDesc""]",<us>'s wound was disinfected with a strong disinfectant.,<us>用强力消毒剂对伤口进行了消毒。
"//table[@name=""conditions""]/column[@name=""id""][text()=166]/../column[@name=""strName""]",Drank whiskey,喝威士忌
"//table[@name=""conditions""]/column[@name=""id""][text()=166]/../column[@name=""strDesc""]",<us> drank some whiskey.,<us> 喝了一些威士忌。
"//table[@name=""conditions""]/column[@name=""id""][text()=167]/../column[@name=""strName""]",Inebriation Counter,醉酒计数器
"//table[@name=""conditions""]/column[@name=""id""][text()=167]/../column[@name=""strDesc""]",The number of drinks <us> needs to drink to become inebriated.,使 <us> 喝醉所需的酒量。
"//table[@name=""conditions""]/column[@name=""id""][text()=168]/../column[@name=""strName""]",Hungover,宿醉
"//table[@name=""conditions""]/column[@name=""id""][text()=168]/../column[@name=""strDesc""]",<us> is hung over from drinking.,<us> 饮酒过量。
"//table[@name=""conditions""]/column[@name=""id""][text()=169]/../column[@name=""strName""]",Used painkillers,使用过处方止痛药
"//table[@name=""conditions""]/column[@name=""id""][text()=169]/../column[@name=""strDesc""]",<us> has taken some painkillers.,<us> 已经服用了一些处方止痛药。
"//table[@name=""conditions""]/column[@name=""id""][text()=170]/../column[@name=""strName""]",Painkillers wearing off,处方止痛药药效正在消退
"//table[@name=""conditions""]/column[@name=""id""][text()=170]/../column[@name=""strDesc""]",<us>'s painkillers are wearing off.,<us>的处方止痛药药效正在消退。
"//table[@name=""conditions""]/column[@name=""id""][text()=171]/../column[@name=""strName""]",Used analgesics,使用过镇痛剂
"//table[@name=""conditions""]/column[@name=""id""][text()=171]/../column[@name=""strDesc""]",<us> has taken some analgesics.,<us> 已经服用了一些镇痛剂。
"//table[@name=""conditions""]/column[@name=""id""][text()=172]/../column[@name=""strName""]",Analgesics wearing off,镇痛剂药效正在消退
"//table[@name=""conditions""]/column[@name=""id""][text()=172]/../column[@name=""strDesc""]",<us>'s analgesics are wearing off.,<us>的镇痛剂药效正在消退。
"//table[@name=""conditions""]/column[@name=""id""][text()=174]/../column[@name=""strName""]",Mild Blood Loss,轻度失血
"//table[@name=""conditions""]/column[@name=""id""][text()=174]/../column[@name=""strDesc""]","<us> has lost blood, affecting their activities somewhat.",<us> 已经失血，在一定程度上影响了他们的活动。
"//table[@name=""conditions""]/column[@name=""id""][text()=175]/../column[@name=""strName""]",Severe Blood Loss,严重失血
"//table[@name=""conditions""]/column[@name=""id""][text()=175]/../column[@name=""strDesc""]","<us> has lost a lot of blood, and will likely need hospital care soon.",<us> 失血过多，可能很快就需要住院治疗。
"//table[@name=""conditions""]/column[@name=""id""][text()=186]/../column[@name=""strName""]",Crippled Left Arm,左臂残废
"//table[@name=""conditions""]/column[@name=""id""][text()=186]/../column[@name=""strDesc""]",<us>'s left arm became crippled.,<us>的左臂残废了。
"//table[@name=""conditions""]/column[@name=""id""][text()=187]/../column[@name=""strName""]",Crippled Right Arm,右臂残废
"//table[@name=""conditions""]/column[@name=""id""][text()=187]/../column[@name=""strDesc""]",<us>'s right arm became crippled.,<us>的右臂残废了。
"//table[@name=""conditions""]/column[@name=""id""][text()=188]/../column[@name=""strName""]",Both Arms Crippled,双臂残废
"//table[@name=""conditions""]/column[@name=""id""][text()=188]/../column[@name=""strDesc""]","Both of <us>'s arms are crippled, severely affecting actions.",两者 <us>的两只手臂都残废了，严重影响行动。
"//table[@name=""conditions""]/column[@name=""id""][text()=192]/../column[@name=""strName""]",Both Legs Crippled,双腿残废
"//table[@name=""conditions""]/column[@name=""id""][text()=192]/../column[@name=""strDesc""]","Both of <us>'s legs are crippled, severely affecting actions.",两者 <us>的双腿残废了，严重影响行动。
"//table[@name=""conditions""]/column[@name=""id""][text()=193]/../column[@name=""strName""]",Cardiac Arrest,心脏骤停
"//table[@name=""conditions""]/column[@name=""id""][text()=193]/../column[@name=""strDesc""]","<us>'s heart stopped, and will likely die soon.",<us>的心脏停止跳动，可能很快就会死亡。
"//table[@name=""conditions""]/column[@name=""id""][text()=194]/../column[@name=""strName""]",Severe Head Damage,严重的头部损伤
"//table[@name=""conditions""]/column[@name=""id""][text()=194]/../column[@name=""strDesc""]",<us> got enough head damage.,<us> 的头部受到了足够的伤害。
"//table[@name=""conditions""]/column[@name=""id""][text()=196]/../column[@name=""strName""]",Severe Chest Damage,严重的胸部损伤
"//table[@name=""conditions""]/column[@name=""id""][text()=196]/../column[@name=""strDesc""]",<us> got enough chest damage.,<us> 的胸部受到了足够的伤害。
"//table[@name=""conditions""]/column[@name=""id""][text()=197]/../column[@name=""strName""]",Severe Torso Damage,严重的躯干损伤
"//table[@name=""conditions""]/column[@name=""id""][text()=197]/../column[@name=""strDesc""]",<us> got enough torso damage.,<us> 的躯干受到了足够的伤害。
"//table[@name=""conditions""]/column[@name=""id""][text()=203]/../column[@name=""strName""]",Severe Coughing,严重咳嗽
"//table[@name=""conditions""]/column[@name=""id""][text()=203]/../column[@name=""strDesc""]",<us> developed a severe cough.,<us> 出现了严重的咳嗽。
"//table[@name=""conditions""]/column[@name=""id""][text()=204]/../column[@name=""strName""]",Coughing Blood,咳血
"//table[@name=""conditions""]/column[@name=""id""][text()=204]/../column[@name=""strDesc""]",<us> is coughing up blood.,<us> 正在咳血。
"//table[@name=""conditions""]/column[@name=""id""][text()=208]/../column[@name=""strName""]",Threatening,威胁
"//table[@name=""conditions""]/column[@name=""id""][text()=208]/../column[@name=""strDesc""]",<us> is threatening opponents.,<us> 正在威胁对手。
"//table[@name=""conditions""]/column[@name=""id""][text()=210]/../column[@name=""strName""]",Barefoot,赤脚
"//table[@name=""conditions""]/column[@name=""id""][text()=210]/../column[@name=""strDesc""]","<us> is barefoot, and cannot travel as easily.",<us> 是光着脚的，不能像以前那样轻松地旅行。
"//table[@name=""conditions""]/column[@name=""id""][text()=214]/../column[@name=""strName""]",,
"//table[@name=""conditions""]/column[@name=""id""][text()=214]/../column[@name=""strDesc""]","<us> is using an artificial light, and can see and be seen easily, even at night.",<us> 正在使用人工光源，即使在夜间也能轻易看到和被看到。
"//table[@name=""conditions""]/column[@name=""id""][text()=216]/../column[@name=""strName""]",Skilled electrician,熟练电工
"//table[@name=""conditions""]/column[@name=""id""][text()=216]/../column[@name=""strDesc""]",<us> is skilled in diagnosing and repairing electronics.,<us> 熟练掌握诊断和维修电子产品的方法。
"//table[@name=""conditions""]/column[@name=""id""][text()=217]/../column[@name=""strName""]",Skilled mechanic,熟练技工
"//table[@name=""conditions""]/column[@name=""id""][text()=217]/../column[@name=""strDesc""]",<us> is skilled in diagnosing and repairing machines.,<us> 熟练掌握诊断和维修机器的方法。
"//table[@name=""conditions""]/column[@name=""id""][text()=292]/../column[@name=""strName""]",Strained Back,背部拉伤
"//table[@name=""conditions""]/column[@name=""id""][text()=292]/../column[@name=""strDesc""]","<us> has a strained back, and is limited in what they can carry.",<us> 背部拉伤，并且可以携带的物品受到限制。
"//table[@name=""conditions""]/column[@name=""id""][text()=293]/../column[@name=""strName""]",Major Fatigue,脱力疲乏
"//table[@name=""conditions""]/column[@name=""id""][text()=293]/../column[@name=""strDesc""]",<us> is fatigued after significant physical exertion.,<us> 在巨大体力消耗后开始疲劳。
"//table[@name=""conditions""]/column[@name=""id""][text()=318]/../column[@name=""strName""]",Smallpox 3,天花 3
"//table[@name=""conditions""]/column[@name=""id""][text()=318]/../column[@name=""strDesc""]",<us> is developing lesions and spots filled with fluid on their skin.,<us> 的皮肤上出现病变和充满液体的斑点。
"//table[@name=""conditions""]/column[@name=""id""][text()=319]/../column[@name=""strName""]",Smallpox 4,天花 4
"//table[@name=""conditions""]/column[@name=""id""][text()=319]/../column[@name=""strDesc""]",<us> has skin pustules scabbing and flaking off.,<us> 的皮肤有着脓疱结痂和剥落。
"//table[@name=""conditions""]/column[@name=""id""][text()=337]/../column[@name=""strName""]",Ran away from Isotope Mine,从同位素矿跑了
"//table[@name=""conditions""]/column[@name=""id""][text()=337]/../column[@name=""strDesc""]",<us> decided to ran from the creature guarding the Isotope Mine.,<us> 决定逃离守卫同位素矿的生物。
"//table[@name=""conditions""]/column[@name=""id""][text()=343]/../column[@name=""strName""]",Carrying criminal visitor pass,携带着犯罪嫌疑人的访客通行证
"//table[@name=""conditions""]/column[@name=""id""][text()=343]/../column[@name=""strDesc""]",<us> is carrying a megacity visitor pass belonging to a most wanted criminal.,<us> 携带着一张属于通缉犯的底特律超级大都市访客通行证。
"//table[@name=""conditions""]/column[@name=""id""][text()=344]/../column[@name=""strName""]",Full meal,饱餐
"//table[@name=""conditions""]/column[@name=""id""][text()=344]/../column[@name=""strDesc""]",<us> ate a hearty meal.,<us> 吃了一顿丰盛的饭菜。
"//table[@name=""conditions""]/column[@name=""id""][text()=348]/../column[@name=""strName""]",,
"//table[@name=""conditions""]/column[@name=""id""][text()=348]/../column[@name=""strDesc""]",<us> violated DMC laws and has been exiled.,<us> 触犯了底特律律法，被驱逐出城。
"//table[@name=""conditions""]/column[@name=""id""][text()=351]/../column[@name=""strName""]",Sedated,镇静的
"//table[@name=""conditions""]/column[@name=""id""][text()=351]/../column[@name=""strDesc""]",<us> is under the influence of a strong sedative.,<us> 正处于强烈的镇静剂影响下。
"//table[@name=""conditions""]/column[@name=""id""][text()=353]/../column[@name=""strName""]",Diagnostic,全身诊断
"//table[@name=""conditions""]/column[@name=""id""][text()=353]/../column[@name=""strDesc""]",<us> received a complete diagnostic.,<us> 做了一个完整的健康检查。
"//table[@name=""conditions""]/column[@name=""id""][text()=356]/../column[@name=""strName""]",Eye Surgery,眼部手术
"//table[@name=""conditions""]/column[@name=""id""][text()=356]/../column[@name=""strDesc""]",<us> has had corrective eye surgery.,<us> 做了视力矫正手术。
"//table[@name=""conditions""]/column[@name=""id""][text()=358]/../column[@name=""strName""]",Eye Augmentation: Basic,视觉增益:基础
"//table[@name=""conditions""]/column[@name=""id""][text()=358]/../column[@name=""strDesc""]",<us> had artificial eyes installed.,<us> 安装了人造义眼。
"//table[@name=""conditions""]/column[@name=""id""][text()=359]/../column[@name=""strName""]",Received eye implants,接受眼球移植
"//table[@name=""conditions""]/column[@name=""id""][text()=359]/../column[@name=""strDesc""]",<us> got eye implants.,<us> 获得眼植入物。
"//table[@name=""conditions""]/column[@name=""id""][text()=367]/../column[@name=""strName""]",Merga Wraith,魔迦怨灵
"//table[@name=""conditions""]/column[@name=""id""][text()=367]/../column[@name=""strDesc""]",<us> is a Merga Wraith,<us> 是一个魔迦怨灵。
"//table[@name=""conditions""]/column[@name=""id""][text()=391]/../column[@name=""strName""]",Call Melonhead,呼唤瓜头
"//table[@name=""conditions""]/column[@name=""id""][text()=391]/../column[@name=""strDesc""]",<us> started wailing for help!,<us> 开始哀嚎求助!
"//table[@name=""conditions""]/column[@name=""id""][text()=398]/../column[@name=""strName""]",Pulling sled w/straps,拉着雪橇
"//table[@name=""conditions""]/column[@name=""id""][text()=398]/../column[@name=""strDesc""]","<us> is pulling a sled with straps, reducing movement penalties.",<us> 拖拉着一辆自制雪橇，可以携带更多的物品。
"//table[@name=""conditions""]/column[@name=""id""][text()=399]/../column[@name=""strName""]",Pulling sled awkwardly,笨拙地拉雪橇
"//table[@name=""conditions""]/column[@name=""id""][text()=399]/../column[@name=""strDesc""]","<us> is awkwardly pulling a sled without any string, hindering movement.",<us> 笨拙地拖着无绳雪橇，行动不便。
"//table[@name=""conditions""]/column[@name=""id""][text()=405]/../column[@name=""strName""]",Ate a medium portion of meat,吃下一块中份肉
"//table[@name=""conditions""]/column[@name=""id""][text()=405]/../column[@name=""strDesc""]",<us> ate a medium portion of meat.,<us> 吃下一块中份肉。
"//table[@name=""conditions""]/column[@name=""id""][text()=406]/../column[@name=""strName""]",Ate a medium portion of rotten meat,食用一块腐肉
"//table[@name=""conditions""]/column[@name=""id""][text()=406]/../column[@name=""strDesc""]",Blech! <us> forced down a medium portion of rotten meat.,呕! <us> 强行吃下一块腐坏的中份肉。
"//table[@name=""conditions""]/column[@name=""id""][text()=407]/../column[@name=""strName""]",Ate a medium portion of cured meat,吃下一块中份熏肉
"//table[@name=""conditions""]/column[@name=""id""][text()=407]/../column[@name=""strDesc""]",<us> ate a medium portion of cured meat.,<us> 吃下一块中份熏肉。
"//table[@name=""conditions""]/column[@name=""id""][text()=408]/../column[@name=""strName""]",Wearing a dogman fur,穿着狗人毛皮大衣
"//table[@name=""conditions""]/column[@name=""id""][text()=408]/../column[@name=""strDesc""]","<us> is wearing dogman fur, and is more intimidating.",<us> 穿着狗人毛皮大衣，看起来更吓人。
"//table[@name=""conditions""]/column[@name=""id""][text()=409]/../column[@name=""strName""]",Deer,鹿
"//table[@name=""conditions""]/column[@name=""id""][text()=409]/../column[@name=""strDesc""]",<us> is a deer.,<us> 是一只鹿。
"//table[@name=""conditions""]/column[@name=""id""][text()=412]/../column[@name=""strName""]",Player,玩家
"//table[@name=""conditions""]/column[@name=""id""][text()=412]/../column[@name=""strDesc""]","<us> is the player, not AI.",<us> 是玩家，不是人工智能。
"//table[@name=""conditions""]/column[@name=""id""][text()=413]/../column[@name=""strName""]",Awkwardly pulling basket,笨拙地拉购物篮
"//table[@name=""conditions""]/column[@name=""id""][text()=413]/../column[@name=""strDesc""]","<us> is awkwardly pulling a basket without any wheels or handles, hindering movement.",<us> 笨拙地拖着无轮无柄的购物车篮子，行动不便。
"//table[@name=""conditions""]/column[@name=""id""][text()=435]/../column[@name=""strName""]",Flagged by DMCLE,被 DMCLE 标记
"//table[@name=""conditions""]/column[@name=""id""][text()=435]/../column[@name=""strDesc""]","<us> was flagged by DMC law enforcement police, and is wanted.",<us> 被 DMC 法律执行警察标记为通缉对象。
"//table[@name=""conditions""]/column[@name=""id""][text()=436]/../column[@name=""strName""]",,
"//table[@name=""conditions""]/column[@name=""id""][text()=436]/../column[@name=""strDesc""]",<us> was caught violating an exile order.,<us> 因违反流放规定被抓捕。
"//table[@name=""conditions""]/column[@name=""id""][text()=438]/../column[@name=""strName""]",Carrying a tracking device,携带追踪设备
"//table[@name=""conditions""]/column[@name=""id""][text()=438]/../column[@name=""strDesc""]",<us> is carrying a device the DMC can track.,<us> 携带着来自底特律的追踪器。
"//table[@name=""conditions""]/column[@name=""id""][text()=449]/../column[@name=""strName""]",Wendigo 1,温迪戈
"//table[@name=""conditions""]/column[@name=""id""][text()=449]/../column[@name=""strDesc""]",<us> is beginning the transformation into a wendigo.,<us> 开始变成温迪哥。
"//table[@name=""conditions""]/column[@name=""id""][text()=450]/../column[@name=""strName""]",Wendigo 2 Ready,温迪戈 2 (满足)
"//table[@name=""conditions""]/column[@name=""id""][text()=450]/../column[@name=""strDesc""]",<us> is ready to advance to wendigo 2.,<us> 准备好晋级温迪哥2号了。
"//table[@name=""conditions""]/column[@name=""id""][text()=451]/../column[@name=""strName""]",Wendigo 2 (Satisfied),温迪戈 2 (满足)
"//table[@name=""conditions""]/column[@name=""id""][text()=451]/../column[@name=""strDesc""]","<us> is undergoing transformation into a wendigo, but hunger is temporarily satisfied.",<us> 正在变异为温迪戈，但现在还不饿。
"//table[@name=""conditions""]/column[@name=""id""][text()=452]/../column[@name=""strName""]",Wendigo 2 (Hungry),温迪戈 2 (满足)
"//table[@name=""conditions""]/column[@name=""id""][text()=452]/../column[@name=""strDesc""]",<us> is undergoing transformation into a wendigo.,<us> 正在变异为温迪戈，但现在还不饿。
"//table[@name=""conditions""]/column[@name=""id""][text()=453]/../column[@name=""strName""]",Wendigo 3 Ready,温迪戈 3 (满足)
"//table[@name=""conditions""]/column[@name=""id""][text()=453]/../column[@name=""strDesc""]",<us> is ready to advance to wendigo 3.,<us> 准备好晋级温迪哥3了。
"//table[@name=""conditions""]/column[@name=""id""][text()=454]/../column[@name=""strName""]",Wendigo 3 (Satisfied),温迪戈 3 (满足)
"//table[@name=""conditions""]/column[@name=""id""][text()=454]/../column[@name=""strDesc""]","<us> is a wendigo, but hunger is temporarily satisfied.","<us> 成为了温迪戈, 但现在还不饿。"
"//table[@name=""conditions""]/column[@name=""id""][text()=455]/../column[@name=""strName""]",Wendigo 3 (Hungry),温迪戈 3 (满足)
"//table[@name=""conditions""]/column[@name=""id""][text()=455]/../column[@name=""strDesc""]","<us> is a wendigo, and always hungry.",<us> 是一只温迪哥，总是很饿。
"//table[@name=""conditions""]/column[@name=""id""][text()=458]/../column[@name=""strName""]",Trigger Selling Human Meat,触发贩卖人肉事件
"//table[@name=""conditions""]/column[@name=""id""][text()=458]/../column[@name=""strDesc""]",<us> tried to sell human meat.,<us> 试图售卖人肉。
"//table[@name=""conditions""]/column[@name=""id""][text()=460]/../column[@name=""strName""]",No Eyes,没有眼睛
"//table[@name=""conditions""]/column[@name=""id""][text()=460]/../column[@name=""strDesc""]",<us> lost their eyes.,<us> 失去了双眼。
"//table[@name=""conditions""]/column[@name=""id""][text()=464]/../column[@name=""strName""]",Yezinka,夜辛卡
"//table[@name=""conditions""]/column[@name=""id""][text()=464]/../column[@name=""strDesc""]",<us> is the Yezinka.,<us> 是夜辛卡。
"//table[@name=""conditions""]/column[@name=""id""][text()=465]/../column[@name=""strName""]",Scared Awake,吓醒
"//table[@name=""conditions""]/column[@name=""id""][text()=465]/../column[@name=""strDesc""]",<us> woke up in fear.,<us> 被吓醒。
"//table[@name=""conditions""]/column[@name=""id""][text()=467]/../column[@name=""strName""]",Chance of Poisoned,中毒的几率
"//table[@name=""conditions""]/column[@name=""id""][text()=467]/../column[@name=""strDesc""]",<us> might become poisoned soon.,<us> 可能很快就会中毒。
"//table[@name=""conditions""]/column[@name=""id""][text()=472]/../column[@name=""strName""]",Holding RTG Cell,保持RTG电池
"//table[@name=""conditions""]/column[@name=""id""][text()=472]/../column[@name=""strDesc""]","<us> is holding an RTG cell, warming them a little.",<us> 拿着一个RTG细胞，给它们加热一点。
"//table[@name=""conditions""]/column[@name=""id""][text()=477]/../column[@name=""strName""]",,
"//table[@name=""conditions""]/column[@name=""id""][text()=477]/../column[@name=""strDesc""]",<us> cannot run in combat.,<us> 在战斗中无法快速移动和奔跑。
"//table[@name=""conditions""]/column[@name=""id""][text()=478]/../column[@name=""strName""]",Decent meal,正餐
"//table[@name=""conditions""]/column[@name=""id""][text()=478]/../column[@name=""strDesc""]",<us> ate a decent meal.,<us> 吃了一顿像样的饭。
"//table[@name=""conditions""]/column[@name=""id""][text()=481]/../column[@name=""strName""]",DMCSS alerted,已向 DMCSS 发出警报
"//table[@name=""conditions""]/column[@name=""id""][text()=481]/../column[@name=""strDesc""]",Law enforcement has been called and <us>'s activities are being investigated by surveillance services.,执法部门已接到报警，监控部门正在调查 <us>的活动。
"//table[@name=""conditions""]/column[@name=""id""][text()=485]/../column[@name=""strName""]",Large snack,大份零食
"//table[@name=""conditions""]/column[@name=""id""][text()=485]/../column[@name=""strDesc""]",<us> ate a large snack.,<us> 吃了一些大份零食。
"//table[@name=""conditions""]/column[@name=""id""][text()=494]/../column[@name=""strName""]",Loots Items,搜刮物品
"//table[@name=""conditions""]/column[@name=""id""][text()=494]/../column[@name=""strDesc""]","<us> cares about loot (will seek and pick up, instead of ignore).",<us> 关注战利品（会主动寻找和捡拾，而不是忽略）。
"//table[@name=""conditions""]/column[@name=""id""][text()=505]/../column[@name=""strName""]",Drawing Attention,引起注意
"//table[@name=""conditions""]/column[@name=""id""][text()=505]/../column[@name=""strDesc""]",<us> made themselves easy to see for a moment.,<us> 使得自己现在容易被发现。
"//table[@name=""conditions""]/column[@name=""id""][text()=523]/../column[@name=""strName""]",Wearing short-sleeved pants,穿着短袖裤子
"//table[@name=""conditions""]/column[@name=""id""][text()=523]/../column[@name=""strDesc""]",<us> is wearing a pair short-sleeved leg garments.,<us> 穿着一件短袖裤腿的衣服。
"//table[@name=""conditions""]/column[@name=""id""][text()=524]/../column[@name=""strName""]",Wearing short-sleeved long shirt,穿着长下摆衬衫
"//table[@name=""conditions""]/column[@name=""id""][text()=524]/../column[@name=""strDesc""]",<us> is wearing a short-sleeved long torso garment.,<us> 穿着一件长下摆衬衫。
"//table[@name=""conditions""]/column[@name=""id""][text()=525]/../column[@name=""strName""]",Piece of garment,一件衣物
"//table[@name=""conditions""]/column[@name=""id""][text()=525]/../column[@name=""strDesc""]",<us> is wearing a piece of garment that protects against the elements.,<us> 穿着一件可以抵御恶劣天气的衣服。
"//table[@name=""conditions""]/column[@name=""id""][text()=526]/../column[@name=""strName""]",Wearing head cover,头戴着面罩
"//table[@name=""conditions""]/column[@name=""id""][text()=526]/../column[@name=""strDesc""]",<us> is wearing a head garment.,<us> 戴着一个头罩。
"//table[@name=""conditions""]/column[@name=""id""][text()=527]/../column[@name=""strName""]",Wearing head armor,头戴盔甲
"//table[@name=""conditions""]/column[@name=""id""][text()=527]/../column[@name=""strDesc""]",<us> is wearing head armor.,<us> 头戴盔甲。
"//table[@name=""conditions""]/column[@name=""id""][text()=528]/../column[@name=""strName""]",Wearing torso armor,穿戴胸甲
"//table[@name=""conditions""]/column[@name=""id""][text()=528]/../column[@name=""strDesc""]",<us> is wearing torso armor.,<us> 穿戴胸甲。
"//table[@name=""conditions""]/column[@name=""id""][text()=534]/../column[@name=""strName""]",Drop Faction Rep (DMC),派系声望降低 (底特律)
"//table[@name=""conditions""]/column[@name=""id""][text()=534]/../column[@name=""strDesc""]",Drop -1 from player's rep with all local DMC creatures.,玩家在底特律当地的声望降低1。
"//table[@name=""conditions""]/column[@name=""id""][text()=547]/../column[@name=""strName""]",Chewed on bear root,咀嚼熊根
"//table[@name=""conditions""]/column[@name=""id""][text()=547]/../column[@name=""strDesc""]",<us> chewed on some bear root.,<us> 咀嚼了一些熊根。
"//table[@name=""conditions""]/column[@name=""id""][text()=552]/../column[@name=""strName""]",Clean and Dress Wounds,清洗包扎伤口
"//table[@name=""conditions""]/column[@name=""id""][text()=552]/../column[@name=""strDesc""]",<us>'s wounds were cleaned and dressed.,<us>的伤口被清理并被包扎。
"//table[@name=""conditions""]/column[@name=""id""][text()=557]/../column[@name=""strName""]",Force Drone Despawn in 0.07 Hours,强制无人机在 0.07 小时内消失
"//table[@name=""conditions""]/column[@name=""id""][text()=557]/../column[@name=""strDesc""]",<us> might despawn in 0.07 hours or stay a bit longer.,<us> 可能会在 0.07 小时内消失或停留更长时间。
"//table[@name=""conditions""]/column[@name=""id""][text()=558]/../column[@name=""strName""]",DMC Guard,底特律守卫
"//table[@name=""conditions""]/column[@name=""id""][text()=558]/../column[@name=""strDesc""]",<us> is a member of the DMC guard/SkyCorps.,<us> 是底特律守卫/空警中的一员。
"//table[@name=""conditions""]/column[@name=""id""][text()=559]/../column[@name=""strName""]",Radio DMC Drone,无线电呼叫底特律无人机
"//table[@name=""conditions""]/column[@name=""id""][text()=559]/../column[@name=""strDesc""]",<us> radioed for drone support!,<us> 呼叫无人机火力支援！
"//table[@name=""conditions""]/column[@name=""id""][text()=573]/../column[@name=""strName""]",Gather resources from river,河流中收集水
"//table[@name=""conditions""]/column[@name=""id""][text()=573]/../column[@name=""strDesc""]",<us> gathered resources from a river.,<us> 从河中取水。
"//table[@name=""conditions""]/column[@name=""id""][text()=574]/../column[@name=""strName""]",Gather resources from marsh,从沼泽收集水
"//table[@name=""conditions""]/column[@name=""id""][text()=574]/../column[@name=""strDesc""]",<us> gathered resources from a marsh.,<us> 沼泽取水。
"//table[@name=""conditions""]/column[@name=""id""][text()=575]/../column[@name=""strName""]",Gather resources from lake,从湖泊中收集水。
"//table[@name=""conditions""]/column[@name=""id""][text()=575]/../column[@name=""strDesc""]",<us> gathered resources from a lake.,<us> 从湖泊中取水。
"//table[@name=""conditions""]/column[@name=""id""][text()=576]/../column[@name=""strName""]",Gather resources from forest,从森林中收集资源
"//table[@name=""conditions""]/column[@name=""id""][text()=576]/../column[@name=""strDesc""]",<us> gathered resources from a forest.,<us> 从森林中收集资源。
"//table[@name=""conditions""]/column[@name=""id""][text()=589]/../column[@name=""strName""]",Trigger Return to Isotope Mine,触发返回同位素矿
"//table[@name=""conditions""]/column[@name=""id""][text()=589]/../column[@name=""strDesc""]",<us> is returning to the Isotope Mine.,<us> 正在返回同位素矿。
"//table[@name=""conditions""]/column[@name=""id""][text()=597]/../column[@name=""strName""]",Wearing 3 Dog Moon shirt,穿着三狗月T恤衫
"//table[@name=""conditions""]/column[@name=""id""][text()=597]/../column[@name=""strDesc""]","<us> is wearing the legendary ""3 Dog Moon"" T-shirt.","<us> 正穿着传说中的 ""三狗月"" T恤。"
"//table[@name=""conditions""]/column[@name=""id""][text()=598]/../column[@name=""strName""]",Flagged by DMCPS,被底特律守卫标记
"//table[@name=""conditions""]/column[@name=""id""][text()=598]/../column[@name=""strDesc""]","<us> was flagged by a DMC perimeter services patrol, and is wanted.",<us> 被底特律巡逻警卫标记为通缉目标。
"//table[@name=""conditions""]/column[@name=""id""][text()=604]/../column[@name=""strName""]",Wearing a Blue Frog sash,穿戴蓝蛙肩带
"//table[@name=""conditions""]/column[@name=""id""][text()=604]/../column[@name=""strDesc""]",<us> is looking like a Blue Frog.,<us> 看起来像是蓝蛙教众的一员。
"//table[@name=""conditions""]/column[@name=""id""][text()=605]/../column[@name=""strName""]",Wearing Respirator,戴防毒面具
"//table[@name=""conditions""]/column[@name=""id""][text()=605]/../column[@name=""strDesc""]",<us> is wearing a working bio-chem respirator.,<us> 正戴着有效的生化面具。
"//table[@name=""conditions""]/column[@name=""id""][text()=607]/../column[@name=""strName""]",Abdominal Pains,腹痛
"//table[@name=""conditions""]/column[@name=""id""][text()=607]/../column[@name=""strDesc""]",<us> has severe stomach pains that seem to be getting worse every minute.,<us> 有严重的胃痛，似乎每分钟都在恶化。
"//table[@name=""conditions""]/column[@name=""id""][text()=608]/../column[@name=""strName""]",Severe Abdominal Pain,剧烈腹痛
"//table[@name=""conditions""]/column[@name=""id""][text()=608]/../column[@name=""strDesc""]","<us>'s stomach pain has become unbearable, making them collapse in a fit of shaking.",<us>胃痛得难以忍受，让他们在一阵颤抖中崩溃。
"//table[@name=""conditions""]/column[@name=""id""][text()=610]/../column[@name=""strName""]",Defoliant Exposure 2,落叶剂中毒 2
"//table[@name=""conditions""]/column[@name=""id""][text()=610]/../column[@name=""strDesc""]",<us>'s defoliant exposure worsened.,<us>脱叶剂暴露恶化。
"//table[@name=""conditions""]/column[@name=""id""][text()=612]/../column[@name=""strName""]",Weakness,全身乏力
"//table[@name=""conditions""]/column[@name=""id""][text()=612]/../column[@name=""strDesc""]",<us> is feeling weak.,<us> 感到虚弱。
"//table[@name=""conditions""]/column[@name=""id""][text()=615]/../column[@name=""strName""]",Irritated Eyes,眼部受刺激
"//table[@name=""conditions""]/column[@name=""id""][text()=615]/../column[@name=""strDesc""]",<us>'s eyes became irritated and blurry.,<us>的双眼发炎，视野模糊。
"//table[@name=""conditions""]/column[@name=""id""][text()=617]/../column[@name=""strName""]",Wearing Eye Protection,戴眼部防护
"//table[@name=""conditions""]/column[@name=""id""][text()=617]/../column[@name=""strDesc""]",<us> is wearing bio-chem eye protection.,<us> 正戴着生化护眼罩。
"//table[@name=""conditions""]/column[@name=""id""][text()=618]/../column[@name=""strName""]",Defoliant Exposure 0,落叶剂中毒 0
"//table[@name=""conditions""]/column[@name=""id""][text()=618]/../column[@name=""strDesc""]","<us> was exposed to defoliant, and will develop symptoms soon.",<us> 暴露在落叶剂中，很快会出现临床症状。
"//table[@name=""conditions""]/column[@name=""id""][text()=623]/../column[@name=""strName""]",Severe Burns,重度烧伤
"//table[@name=""conditions""]/column[@name=""id""][text()=623]/../column[@name=""strDesc""]","<us> has severe burns, causing skin to redden and blister.",<us> 被严重烧伤，皮肤通红并起泡。
"//table[@name=""conditions""]/column[@name=""id""][text()=632]/../column[@name=""strName""]",Is King Eli,正是圣王伊莱
"//table[@name=""conditions""]/column[@name=""id""][text()=632]/../column[@name=""strDesc""]",<us> is King Eli.,<us> 是伊莱王。
"//table[@name=""conditions""]/column[@name=""id""][text()=715]/../column[@name=""strName""]",Improper Footwear,不合脚的鞋子
"//table[@name=""conditions""]/column[@name=""id""][text()=715]/../column[@name=""strDesc""]","<us> is wearing improper footwear, and is uncomfortable.",<us> 鞋子穿反了，很不舒服。
"//table[@name=""conditions""]/column[@name=""id""][text()=716]/../column[@name=""strName""]",Foot Blisters,脚上起水泡
"//table[@name=""conditions""]/column[@name=""id""][text()=716]/../column[@name=""strDesc""]",<us> has painful foot blisters.,<us> 脚上长有水泡，行动变得困难。
"//table[@name=""conditions""]/column[@name=""id""][text()=725]/../column[@name=""strName""]",DMC Drone,底特律无人机
"//table[@name=""conditions""]/column[@name=""id""][text()=725]/../column[@name=""strDesc""]",<us> is a drone of the DMC Skycorps.,<us> 是一架底特律空警的无人机。
"//table[@name=""conditions""]/column[@name=""id""][text()=728]/../column[@name=""strName""]",Mechanical Creature,机械生物
"//table[@name=""conditions""]/column[@name=""id""][text()=728]/../column[@name=""strDesc""]","<us> is mechanical, and does not suffer biological flaws.","<us> 属于机械, 不会受到生物属性的伤害。"
"//table[@name=""conditions""]/column[@name=""id""][text()=729]/../column[@name=""strName""]",Cannot Call DMC Support,无法呼叫底特律支援
"//table[@name=""conditions""]/column[@name=""id""][text()=729]/../column[@name=""strDesc""]",<us> cannot call DMC support right now.,<us> 现在没法派出无人机增援。
"//table[@name=""conditions""]/column[@name=""id""][text()=734]/../column[@name=""strName""]",,
"//table[@name=""conditions""]/column[@name=""id""][text()=734]/../column[@name=""strDesc""]",<us> is wearing a crude air filter.,<us> 戴着一个粗糙的空气过滤器。
"//table[@name=""conditions""]/column[@name=""id""][text()=736]/../column[@name=""strName""]",Air Filter Active,空气过滤器激活
"//table[@name=""conditions""]/column[@name=""id""][text()=736]/../column[@name=""strDesc""]",<us> has air filtering this turn.,<us> 本回合戴着一个空气过滤器。
"//table[@name=""conditions""]/column[@name=""id""][text()=377]/../column[@name=""strName""]",Wearing clown head,戴着小丑头
"//table[@name=""conditions""]/column[@name=""id""][text()=377]/../column[@name=""strDesc""]","<us> is wearing a fast-food clown head, and can't see as well.",<us> 戴着快餐小丑头，也看不见。
"//table[@name=""conditions""]/column[@name=""id""][text()=546]/../column[@name=""strName""]",Lit smudge stick in hex,涂抹棒
"//table[@name=""conditions""]/column[@name=""id""][text()=546]/../column[@name=""strDesc""]",<us> is under the protection of a smudge stick.,<us> 在捕梦网的保护下。
"//table[@name=""conditions""]/column[@name=""id""][text()=658]/../column[@name=""strName""]",Strangler's curse,扼杀者的诅咒
"//table[@name=""conditions""]/column[@name=""id""][text()=658]/../column[@name=""strDesc""]",<us> looted the Strangler's corpse and has been cursed by the Seven Gables Road spirit.,<us> 掠夺了扼杀者的尸体，并被七山墙路精灵诅咒。
"//table[@name=""conditions""]/column[@name=""id""][text()=781]/../column[@name=""strName""]",Elusive reputation,难以捉摸的声誉
"//table[@name=""conditions""]/column[@name=""id""][text()=781]/../column[@name=""strDesc""]",<us> gained a legendary reputation for being elusive.,<us> 因难以捉摸的表现而获得了传奇技能：难以捉摸。
"//table[@name=""conditions""]/column[@name=""id""][text()=782]/../column[@name=""strName""]",Unstoppable reputation,不可阻挡的声誉
"//table[@name=""conditions""]/column[@name=""id""][text()=782]/../column[@name=""strDesc""]",<us> gained a legendary reputation for being unstoppable.,<us> 因为不可阻挡的表现而获得了传奇技能：势不可挡。
"//table[@name=""conditions""]/column[@name=""id""][text()=817]/../column[@name=""strName""]",St. James Parkade 12hr Pass,圣詹姆斯停车场12小时通行证
"//table[@name=""conditions""]/column[@name=""id""][text()=817]/../column[@name=""strDesc""]",<us> has access to St. James Parkade for 12 hours.,<us> 在12小时内可以随意使用圣詹姆斯停车场。
"//table[@name=""conditions""]/column[@name=""id""][text()=818]/../column[@name=""strName""]",St. James Parkade Expiration,圣詹姆斯停车场通行证过期
"//table[@name=""conditions""]/column[@name=""id""][text()=818]/../column[@name=""strDesc""]",<us>'s rental at St. James Parkade has expired.,<us>的圣詹姆斯停车场通行证过期了。
"//table[@name=""conditions""]/column[@name=""id""][text()=819]/../column[@name=""strName""]",Basic Recipes 1,基础配方 1
"//table[@name=""conditions""]/column[@name=""id""][text()=819]/../column[@name=""strDesc""]",<us> knows basic recipes.,<us> 了解了基础的配方。
"//table[@name=""conditions""]/column[@name=""id""][text()=820]/../column[@name=""strName""]",Basic Recipes 2,基础配方 2
"//table[@name=""conditions""]/column[@name=""id""][text()=820]/../column[@name=""strDesc""]",<us> knows basic recipes.,<us> 了解了基础的配方。
"//table[@name=""conditions""]/column[@name=""id""][text()=821]/../column[@name=""strName""]",Basic Recipes 3,基础配方 3
"//table[@name=""conditions""]/column[@name=""id""][text()=821]/../column[@name=""strDesc""]",<us> knows basic recipes.,<us> 了解了基础的配方。
"//table[@name=""conditions""]/column[@name=""id""][text()=822]/../column[@name=""strName""]",Basic Recipes 4,基础配方 4
"//table[@name=""conditions""]/column[@name=""id""][text()=822]/../column[@name=""strDesc""]",<us> knows basic recipes.,<us> 了解了基础的配方。
"//table[@name=""conditions""]/column[@name=""id""][text()=823]/../column[@name=""strName""]",St. James Parkade 24hr Pass,圣詹姆斯停车场24小时通行证
"//table[@name=""conditions""]/column[@name=""id""][text()=823]/../column[@name=""strDesc""]",<us> has access to St. James Parkade for 24 hours.,<us> 在24小时内可以随意使用圣詹姆斯停车场。
"//table[@name=""conditions""]/column[@name=""id""][text()=827]/../column[@name=""strName""]",Renting at St. James Parkade,在圣詹姆斯停车场租赁了车位
"//table[@name=""conditions""]/column[@name=""id""][text()=827]/../column[@name=""strDesc""]",<us> is renting at St. James Parkade.,<us> 是圣詹姆斯停车场旅馆的租客。
"//table[@name=""conditions""]/column[@name=""id""][text()=828]/../column[@name=""strName""]",St. James Parkade 1 Week Pass,圣詹姆斯停车场一星期通行证
"//table[@name=""conditions""]/column[@name=""id""][text()=828]/../column[@name=""strDesc""]",<us> has access to St. James Parkade for 1 week.,<us> 在一星期内可以随意使用圣詹姆斯停车场。
"//table[@name=""conditions""]/column[@name=""id""][text()=830]/../column[@name=""strName""]",Melee Recipes,近战工艺
"//table[@name=""conditions""]/column[@name=""id""][text()=830]/../column[@name=""strDesc""]",<us> knows melee recipes.,<us> 熟悉近战武器制作配方。
"//table[@name=""conditions""]/column[@name=""id""][text()=831]/../column[@name=""strName""]",Trapping Recipes,猎人
"//table[@name=""conditions""]/column[@name=""id""][text()=831]/../column[@name=""strDesc""]",<us> knows trapping recipes.,<us> 熟悉捕猎配方。
"//table[@name=""conditions""]/column[@name=""id""][text()=832]/../column[@name=""strName""]",Botany Recipes,植物学
"//table[@name=""conditions""]/column[@name=""id""][text()=832]/../column[@name=""strDesc""]",<us> knows botany recipes.,<us> 熟悉植物学配方。
"//table[@name=""conditions""]/column[@name=""id""][text()=834]/../column[@name=""strName""]",Mechanic Recipes,机械师
"//table[@name=""conditions""]/column[@name=""id""][text()=834]/../column[@name=""strDesc""]",<us> knows mechanic recipes.,<us> 熟悉机械制作配方。
"//table[@name=""conditions""]/column[@name=""id""][text()=835]/../column[@name=""strName""]",Ranged Recipes,野餐专家
"//table[@name=""conditions""]/column[@name=""id""][text()=835]/../column[@name=""strDesc""]",<us> knows ranged recipes.,<us> 熟悉野餐食谱。
"//table[@name=""conditions""]/column[@name=""id""][text()=838]/../column[@name=""strName""]",Constipation,便秘
"//table[@name=""conditions""]/column[@name=""id""][text()=838]/../column[@name=""strDesc""]",<us> is constipated.,<us> 通便不畅。
"//table[@name=""conditions""]/column[@name=""id""][text()=851]/../column[@name=""strName""]",Thyroid Hormone Effect Delay,甲状腺激素作用延迟
"//table[@name=""conditions""]/column[@name=""id""][text()=851]/../column[@name=""strDesc""]","<us> has just taken thyroid hormones, which will take effect soon.",<us> 刚吃了甲状腺激素，马上就见效了。
"//table[@name=""conditions""]/column[@name=""id""][text()=852]/../column[@name=""strName""]",Antacid Effect Delay,抗酸作用延迟
"//table[@name=""conditions""]/column[@name=""id""][text()=852]/../column[@name=""strDesc""]","<us> has just taken antacid, which will take effect soon.",<us> 刚吃了抗酸剂，马上就见效了。
"//table[@name=""conditions""]/column[@name=""id""][text()=858]/../column[@name=""strName""]",Dog,狗
"//table[@name=""conditions""]/column[@name=""id""][text()=858]/../column[@name=""strDesc""]","<us> is part of the dog family, Canidae.",<us> 是犬科的一部分。
"//table[@name=""conditions""]/column[@name=""id""][text()=866]/../column[@name=""strName""]",St. James Parkade 2 Week Pass,圣詹姆斯停车场2星期通行证
"//table[@name=""conditions""]/column[@name=""id""][text()=866]/../column[@name=""strDesc""]",<us> has access to St. James Parkade for 2 weeks.,<us> 在2星期内可以随意使用圣詹姆斯停车场。
"//table[@name=""conditions""]/column[@name=""id""][text()=867]/../column[@name=""strName""]",St. James Parkade 3 Week Pass,圣詹姆斯停车场3星期通行证
"//table[@name=""conditions""]/column[@name=""id""][text()=867]/../column[@name=""strDesc""]",<us> has access to St. James Parkade for 3 weeks.,<us> 在3星期内可以随意使用圣詹姆斯停车场。
"//table[@name=""conditions""]/column[@name=""id""][text()=868]/../column[@name=""strName""]",St. James Parkade 4 Week Pass,圣詹姆斯停车场4星期通行证
"//table[@name=""conditions""]/column[@name=""id""][text()=868]/../column[@name=""strDesc""]",<us> has access to St. James Parkade for 4 weeks.,<us> 在4星期内可以随意使用圣詹姆斯停车场。
